Category,Product Idea,Supplier URL,Supplier Name,Cost,Shipping Cost,Shipping Days,Supplier Rating,Review Count,Product Rating,Photo/Video Quality,Problem Clarity,Demo Potential,Margin Potential,Return Risk,Compliance Risk,Bundle Fit,Total Score,Decision,Notes
Cooling Pillow,Cooling pillow cover pair,,,,,,,,,,,,,,,,,Research,
Cooling Pillow,Cool-touch memory foam pillow,,,,,,,,,,,,,,,,,Research,
Cooling Blanket,Lightweight cooling throw,,,,,,,,,,,,,,,,,Research,
Cooling Blanket,Cooling comforter,,,,,,,,,,,,,,,,,Research,
Sleep Mask,Contoured blackout sleep mask,,,,,,,,,,,,,,,,,Research,
Noise,Portable white-noise machine,,,,,,,,,,,,,,,,,Research,
Travel Kit,Compact travel sleep pouch,,,,,,,,,,,,,,,,,Research,
Bedroom Comfort,Bedside clip fan,,,,,,,,,,,,,,,,,Research,

